sic_code,sic_description,section,section_description,sic_version
1110,"Growing of cereals (except rice), leguminous crops and oil seeds",A,"Agriculture, Forestry and Fishing",SIC 2007
1120,Growing of rice,A,"Agriculture, Forestry and Fishing",SIC 2007
1130,"Growing of vegetables and melons, roots and tubers",A,"Agriculture, Forestry and Fishing",SIC 2007
1140,Growing of sugar cane,A,"Agriculture, Forestry and Fishing",SIC 2007
1150,Growing of tobacco,A,"Agriculture, Forestry and Fishing",SIC 2007
1160,Growing of fibre crops,A,"Agriculture, Forestry and Fishing",SIC 2007
1190,Growing of other non-perennial crops,A,"Agriculture, Forestry and Fishing",SIC 2007
1210,Growing of grapes,A,"Agriculture, Forestry and Fishing",SIC 2007
1220,Growing of tropical and subtropical fruits,A,"Agriculture, Forestry and Fishing",SIC 2007
1230,Growing of citrus fruits,A,"Agriculture, Forestry and Fishing",SIC 2007
1240,Growing of pome fruits and stone fruits,A,"Agriculture, Forestry and Fishing",SIC 2007
1250,Growing of other tree and bush fruits and nuts,A,"Agriculture, Forestry and Fishing",SIC 2007
1260,Growing of oleaginous fruits,A,"Agriculture, Forestry and Fishing",SIC 2007
1270,Growing of beverage crops,A,"Agriculture, Forestry and Fishing",SIC 2007
1280,"Growing of spices, aromatic, drug and pharmaceutical crops",A,"Agriculture, Forestry and Fishing",SIC 2007
1290,Growing of other perennial crops,A,"Agriculture, Forestry and Fishing",SIC 2007
1300,Plant propagation,A,"Agriculture, Forestry and Fishing",SIC 2007
1410,Raising of dairy cattle,A,"Agriculture, Forestry and Fishing",SIC 2007
1420,Raising of other cattle and buffaloes,A,"Agriculture, Forestry and Fishing",SIC 2007
1430,Raising of horses and other equines,A,"Agriculture, Forestry and Fishing",SIC 2007
1440,Raising of camels and camelids,A,"Agriculture, Forestry and Fishing",SIC 2007
1450,Raising of sheep and goats,A,"Agriculture, Forestry and Fishing",SIC 2007
1460,Raising of swine/pigs,A,"Agriculture, Forestry and Fishing",SIC 2007
1470,Raising of poultry,A,"Agriculture, Forestry and Fishing",SIC 2007
1490,Raising of other animals,A,"Agriculture, Forestry and Fishing",SIC 2007
1500,Mixed farming,A,"Agriculture, Forestry and Fishing",SIC 2007
1610,Support activities for crop production,A,"Agriculture, Forestry and Fishing",SIC 2007
1621,Farm animal boarding and care,A,"Agriculture, Forestry and Fishing",SIC 2007
1629,Support activities for animal production (other than farm animal boarding and care) n.e.c.,A,"Agriculture, Forestry and Fishing",SIC 2007
1630,Post-harvest crop activities,A,"Agriculture, Forestry and Fishing",SIC 2007
1640,Seed processing for propagation,A,"Agriculture, Forestry and Fishing",SIC 2007
1700,"Hunting, trapping and related service activities",A,"Agriculture, Forestry and Fishing",SIC 2007
2100,Silviculture and other forestry activities,A,"Agriculture, Forestry and Fishing",SIC 2007
2200,Logging,A,"Agriculture, Forestry and Fishing",SIC 2007
2300,Gathering of wild growing non-wood products,A,"Agriculture, Forestry and Fishing",SIC 2007
2400,Support services to forestry,A,"Agriculture, Forestry and Fishing",SIC 2007
3110,Marine fishing,A,"Agriculture, Forestry and Fishing",SIC 2007
3120,Freshwater fishing,A,"Agriculture, Forestry and Fishing",SIC 2007
3210,Marine aquaculture,A,"Agriculture, Forestry and Fishing",SIC 2007
3220,Freshwater aquaculture,A,"Agriculture, Forestry and Fishing",SIC 2007
5101,Deep coal mines,B,Mining and Quarrying,SIC 2007
5102,Open cast coal working,B,Mining and Quarrying,SIC 2007
5200,Mining of lignite,B,Mining and Quarrying,SIC 2007
6100,Extraction of crude petroleum,B,Mining and Quarrying,SIC 2007
6200,Extraction of natural gas,B,Mining and Quarrying,SIC 2007
7100,Mining of iron ores,B,Mining and Quarrying,SIC 2007
7210,Mining of uranium and thorium ores,B,Mining and Quarrying,SIC 2007
7290,Mining of other non-ferrous metal ores,B,Mining and Quarrying,SIC 2007
8110,"Quarrying of ornamental and building stone, limestone, gypsum, chalk and slate",B,Mining and Quarrying,SIC 2007
8120,Operation of gravel and sand pits; mining of clays and kaolin,B,Mining and Quarrying,SIC 2007
8910,Mining of chemical and fertilizer minerals,B,Mining and Quarrying,SIC 2007
8920,Extraction of peat,B,Mining and Quarrying,SIC 2007
8930,Extraction of salt,B,Mining and Quarrying,SIC 2007
8990,Other mining and quarrying n.e.c.,B,Mining and Quarrying,SIC 2007
9100,Support activities for petroleum and natural gas mining,B,Mining and Quarrying,SIC 2007
9900,Support activities for other mining and quarrying,B,Mining and Quarrying,SIC 2007
10110,Processing and preserving of meat,C,Manufacturing,SIC 2007
10120,Processing and preserving of poultry meat,C,Manufacturing,SIC 2007
10130,Production of meat and poultry meat products,C,Manufacturing,SIC 2007
10200,"Processing and preserving of fish, crustaceans and molluscs",C,Manufacturing,SIC 2007
10310,Processing and preserving of potatoes,C,Manufacturing,SIC 2007
10320,Manufacture of fruit and vegetable juice,C,Manufacturing,SIC 2007
10390,Other processing and preserving of fruit and vegetables,C,Manufacturing,SIC 2007
10410,Manufacture of oils and fats,C,Manufacturing,SIC 2007
10420,Manufacture of margarine and similar edible fats,C,Manufacturing,SIC 2007
10511,Liquid milk and cream production,C,Manufacturing,SIC 2007
10512,Butter and cheese production,C,Manufacturing,SIC 2007
10519,Manufacture of other milk products,C,Manufacturing,SIC 2007
10520,Manufacture of ice cream,C,Manufacturing,SIC 2007
10611,Grain milling,C,Manufacturing,SIC 2007
10612,Manufacture of breakfast cereals and cereals-based food,C,Manufacturing,SIC 2007
10620,Manufacture of starches and starch products,C,Manufacturing,SIC 2007
10710,Manufacture of bread; manufacture of fresh pastry goods and cakes,C,Manufacturing,SIC 2007
10720,Manufacture of rusks and biscuits; manufacture of preserved pastry goods and cakes,C,Manufacturing,SIC 2007
10730,"Manufacture of macaroni, noodles, couscous and similar farinaceous products",C,Manufacturing,SIC 2007
10810,Manufacture of sugar,C,Manufacturing,SIC 2007
10821,Manufacture of cocoa and chocolate confectionery,C,Manufacturing,SIC 2007
10822,Manufacture of sugar confectionery,C,Manufacturing,SIC 2007
10831,Tea processing,C,Manufacturing,SIC 2007
10832,Production of coffee and coffee substitutes,C,Manufacturing,SIC 2007
10840,Manufacture of condiments and seasonings,C,Manufacturing,SIC 2007
10850,Manufacture of prepared meals and dishes,C,Manufacturing,SIC 2007
10860,Manufacture of homogenized food preparations and dietetic food,C,Manufacturing,SIC 2007
10890,Manufacture of other food products n.e.c.,C,Manufacturing,SIC 2007
10910,Manufacture of prepared feeds for farm animals,C,Manufacturing,SIC 2007
10920,Manufacture of prepared pet foods,C,Manufacturing,SIC 2007
11010,"Distilling, rectifying and blending of spirits",C,Manufacturing,SIC 2007
11020,Manufacture of wine from grape,C,Manufacturing,SIC 2007
11030,Manufacture of cider and other fruit wines,C,Manufacturing,SIC 2007
11040,Manufacture of other non-distilled fermented beverages,C,Manufacturing,SIC 2007
11050,Manufacture of beer,C,Manufacturing,SIC 2007
11060,Manufacture of malt,C,Manufacturing,SIC 2007
11070,Manufacture of soft drinks; production of mineral waters and other bottled waters,C,Manufacturing,SIC 2007
12000,Manufacture of tobacco products,C,Manufacturing,SIC 2007
13100,Preparation and spinning of textile fibres,C,Manufacturing,SIC 2007
13200,Weaving of textiles,C,Manufacturing,SIC 2007
13300,Finishing of textiles,C,Manufacturing,SIC 2007
13910,Manufacture of knitted and crocheted fabrics,C,Manufacturing,SIC 2007
13921,Manufacture of soft furnishings,C,Manufacturing,SIC 2007
13922,"Manufacture of canvas goods, sacks, etc.",C,Manufacturing,SIC 2007
13923,Manufacture of household textiles,C,Manufacturing,SIC 2007
13931,Manufacture of woven or tufted carpets and rugs,C,Manufacturing,SIC 2007
13939,Manufacture of other carpets and rugs,C,Manufacturing,SIC 2007
13940,"Manufacture of cordage, rope, twine and netting",C,Manufacturing,SIC 2007
13950,"Manufacture of non-wovens and articles made from non-wovens, except apparel",C,Manufacturing,SIC 2007
13960,Manufacture of other technical and industrial textiles,C,Manufacturing,SIC 2007
13990,Manufacture of other textiles n.e.c.,C,Manufacturing,SIC 2007
14110,Manufacture of leather clothes,C,Manufacturing,SIC 2007
14120,Manufacture of workwear,C,Manufacturing,SIC 2007
14131,Manufacture of other men's outerwear,C,Manufacturing,SIC 2007
14132,Manufacture of other women's outerwear,C,Manufacturing,SIC 2007
14141,Manufacture of men's underwear,C,Manufacturing,SIC 2007
14142,Manufacture of women's underwear,C,Manufacturing,SIC 2007
14190,Manufacture of other wearing apparel and accessories n.e.c.,C,Manufacturing,SIC 2007
14200,Manufacture of articles of fur,C,Manufacturing,SIC 2007
14310,Manufacture of knitted and crocheted hosiery,C,Manufacturing,SIC 2007
14390,Manufacture of other knitted and crocheted apparel,C,Manufacturing,SIC 2007
15110,Tanning and dressing of leather; dressing and dyeing of fur,C,Manufacturing,SIC 2007
15120,"Manufacture of luggage, handbags and the like, saddlery and harness",C,Manufacturing,SIC 2007
15200,Manufacture of footwear,C,Manufacturing,SIC 2007
16100,Sawmilling and planing of wood,C,Manufacturing,SIC 2007
16210,Manufacture of veneer sheets and wood-based panels,C,Manufacturing,SIC 2007
16220,Manufacture of assembled parquet floors,C,Manufacturing,SIC 2007
16230,Manufacture of other builders' carpentry and joinery,C,Manufacturing,SIC 2007
16240,Manufacture of wooden containers,C,Manufacturing,SIC 2007
16290,"Manufacture of other products of wood; manufacture of articles of cork, straw and plaiting materials",C,Manufacturing,SIC 2007
17110,Manufacture of pulp,C,Manufacturing,SIC 2007
17120,Manufacture of paper and paperboard,C,Manufacturing,SIC 2007
17211,"Manufacture of corrugated paper and paperboard, sacks and bags",C,Manufacturing,SIC 2007
17219,Manufacture of other paper and paperboard containers,C,Manufacturing,SIC 2007
17220,Manufacture of household and sanitary goods and of toilet requisites,C,Manufacturing,SIC 2007
17230,Manufacture of paper stationery,C,Manufacturing,SIC 2007
17240,Manufacture of wallpaper,C,Manufacturing,SIC 2007
17290,Manufacture of other articles of paper and paperboard n.e.c.,C,Manufacturing,SIC 2007
18110,Printing of newspapers,C,Manufacturing,SIC 2007
18121,Manufacture of printed labels,C,Manufacturing,SIC 2007
18129,Printing n.e.c.,C,Manufacturing,SIC 2007
18130,Pre-press and pre-media services,C,Manufacturing,SIC 2007
18140,Binding and related services,C,Manufacturing,SIC 2007
18201,Reproduction of sound recording,C,Manufacturing,SIC 2007
18202,Reproduction of video recording,C,Manufacturing,SIC 2007
18203,Reproduction of computer media,C,Manufacturing,SIC 2007
19100,Manufacture of coke oven products,C,Manufacturing,SIC 2007
19201,Mineral oil refining,C,Manufacturing,SIC 2007
19209,Other treatment of petroleum products (excluding petrochemicals manufacture),C,Manufacturing,SIC 2007
20110,Manufacture of industrial gases,C,Manufacturing,SIC 2007
20120,Manufacture of dyes and pigments,C,Manufacturing,SIC 2007
20130,Manufacture of other inorganic basic chemicals,C,Manufacturing,SIC 2007
20140,Manufacture of other organic basic chemicals,C,Manufacturing,SIC 2007
20150,Manufacture of fertilizers and nitrogen compounds,C,Manufacturing,SIC 2007
20160,Manufacture of plastics in primary forms,C,Manufacturing,SIC 2007
20170,Manufacture of synthetic rubber in primary forms,C,Manufacturing,SIC 2007
20200,Manufacture of pesticides and other agrochemical products,C,Manufacturing,SIC 2007
20301,"Manufacture of paints, varnishes and similar coatings, mastics and sealants",C,Manufacturing,SIC 2007
20302,Manufacture of printing ink,C,Manufacturing,SIC 2007
20411,Manufacture of soap and detergents,C,Manufacturing,SIC 2007
20412,Manufacture of cleaning and polishing preparations,C,Manufacturing,SIC 2007
20420,Manufacture of perfumes and toilet preparations,C,Manufacturing,SIC 2007
20510,Manufacture of explosives,C,Manufacturing,SIC 2007
20520,Manufacture of glues,C,Manufacturing,SIC 2007
20530,Manufacture of essential oils,C,Manufacturing,SIC 2007
20590,Manufacture of other chemical products n.e.c.,C,Manufacturing,SIC 2007
20600,Manufacture of man-made fibres,C,Manufacturing,SIC 2007
21100,Manufacture of basic pharmaceutical products,C,Manufacturing,SIC 2007
21200,Manufacture of pharmaceutical preparations,C,Manufacturing,SIC 2007
22110,Manufacture of rubber tyres and tubes; retreading and rebuilding of rubber tyres,C,Manufacturing,SIC 2007
22190,Manufacture of other rubber products,C,Manufacturing,SIC 2007
22210,"Manufacture of plastic plates, sheets, tubes and profiles",C,Manufacturing,SIC 2007
22220,Manufacture of plastic packing goods,C,Manufacturing,SIC 2007
22230,Manufacture of builders ware of plastic,C,Manufacturing,SIC 2007
22290,Manufacture of other plastic products,C,Manufacturing,SIC 2007
23110,Manufacture of flat glass,C,Manufacturing,SIC 2007
23120,Shaping and processing of flat glass,C,Manufacturing,SIC 2007
23130,Manufacture of hollow glass,C,Manufacturing,SIC 2007
23140,Manufacture of glass fibres,C,Manufacturing,SIC 2007
23190,"Manufacture and processing of other glass, including technical glassware",C,Manufacturing,SIC 2007
23200,Manufacture of refractory products,C,Manufacturing,SIC 2007
23310,Manufacture of ceramic tiles and flags,C,Manufacturing,SIC 2007
23320,"Manufacture of bricks, tiles and construction products, in baked clay",C,Manufacturing,SIC 2007
23410,Manufacture of ceramic household and ornamental articles,C,Manufacturing,SIC 2007
23420,Manufacture of ceramic sanitary fixtures,C,Manufacturing,SIC 2007
23430,Manufacture of ceramic insulators and insulating fittings,C,Manufacturing,SIC 2007
23440,Manufacture of other technical ceramic products,C,Manufacturing,SIC 2007
23490,Manufacture of other ceramic products n.e.c.,C,Manufacturing,SIC 2007
23510,Manufacture of cement,C,Manufacturing,SIC 2007
23520,Manufacture of lime and plaster,C,Manufacturing,SIC 2007
23610,Manufacture of concrete products for construction purposes,C,Manufacturing,SIC 2007
23620,Manufacture of plaster products for construction purposes,C,Manufacturing,SIC 2007
23630,Manufacture of ready-mixed concrete,C,Manufacturing,SIC 2007
23640,Manufacture of mortars,C,Manufacturing,SIC 2007
23650,Manufacture of fibre cement,C,Manufacturing,SIC 2007
23690,"Manufacture of other articles of concrete, plaster and cement",C,Manufacturing,SIC 2007
23700,"Cutting, shaping and finishing of stone",C,Manufacturing,SIC 2007
23910,Production of abrasive products,C,Manufacturing,SIC 2007
23990,Manufacture of other non-metallic mineral products n.e.c.,C,Manufacturing,SIC 2007
24100,Manufacture of basic iron and steel and of ferro-alloys,C,Manufacturing,SIC 2007
24200,"Manufacture of tubes, pipes, hollow profiles and related fittings, of steel",C,Manufacturing,SIC 2007
24310,Cold drawing of bars,C,Manufacturing,SIC 2007
24320,Cold rolling of narrow strip,C,Manufacturing,SIC 2007
24330,Cold forming or folding,C,Manufacturing,SIC 2007
24340,Cold drawing of wire,C,Manufacturing,SIC 2007
24410,Precious metals production,C,Manufacturing,SIC 2007
24420,Aluminium production,C,Manufacturing,SIC 2007
24430,"Lead, zinc and tin production",C,Manufacturing,SIC 2007
24440,Copper production,C,Manufacturing,SIC 2007
24450,Other non-ferrous metal production,C,Manufacturing,SIC 2007
24460,Processing of nuclear fuel,C,Manufacturing,SIC 2007
24510,Casting of iron,C,Manufacturing,SIC 2007
24520,Casting of steel,C,Manufacturing,SIC 2007
24530,Casting of light metals,C,Manufacturing,SIC 2007
24540,Casting of other non-ferrous metals,C,Manufacturing,SIC 2007
25110,Manufacture of metal structures and parts of structures,C,Manufacturing,SIC 2007
25120,Manufacture of doors and windows of metal,C,Manufacturing,SIC 2007
25210,Manufacture of central heating radiators and boilers,C,Manufacturing,SIC 2007
25290,"Manufacture of other tanks, reservoirs and containers of metal",C,Manufacturing,SIC 2007
25300,"Manufacture of steam generators, except central heating hot water boilers",C,Manufacturing,SIC 2007
25400,Manufacture of weapons and ammunition,C,Manufacturing,SIC 2007
25500,"Forging, pressing, stamping and roll-forming of metal; powder metallurgy",C,Manufacturing,SIC 2007
25610,Treatment and coating of metals,C,Manufacturing,SIC 2007
25620,Machining,C,Manufacturing,SIC 2007
25710,Manufacture of cutlery,C,Manufacturing,SIC 2007
25720,Manufacture of locks and hinges,C,Manufacturing,SIC 2007
25730,Manufacture of tools,C,Manufacturing,SIC 2007
25910,Manufacture of steel drums and similar containers,C,Manufacturing,SIC 2007
25920,Manufacture of light metal packaging,C,Manufacturing,SIC 2007
25930,"Manufacture of wire products, chain and springs",C,Manufacturing,SIC 2007
25940,Manufacture of fasteners and screw machine products,C,Manufacturing,SIC 2007
25990,Manufacture of other fabricated metal products n.e.c.,C,Manufacturing,SIC 2007
26110,Manufacture of electronic components,C,Manufacturing,SIC 2007
26120,Manufacture of loaded electronic boards,C,Manufacturing,SIC 2007
26200,Manufacture of computers and peripheral equipment,C,Manufacturing,SIC 2007
26301,Manufacture of telegraph and telephone apparatus and equipment,C,Manufacturing,SIC 2007
26309,"Manufacture of communication equipment other than telegraph, and telephone apparatus and equipment",C,Manufacturing,SIC 2007
26400,Manufacture of consumer electronics,C,Manufacturing,SIC 2007
26511,"Manufacture of electronic measuring, testing etc. equipment, not for industrial process control",C,Manufacturing,SIC 2007
26512,Manufacture of electronic industrial process control equipment,C,Manufacturing,SIC 2007
26513,"Manufacture of non-electronic measuring, testing etc. equipment, not for industrial process control",C,Manufacturing,SIC 2007
26514,Manufacture of non-electronic industrial process control equipment,C,Manufacturing,SIC 2007
26520,Manufacture of watches and clocks,C,Manufacturing,SIC 2007
26600,"Manufacture of irradiation, electromedical and electrotherapeutic equipment",C,Manufacturing,SIC 2007
26701,Manufacture of optical precision instruments,C,Manufacturing,SIC 2007
26702,Manufacture of photographic and cinematographic equipment,C,Manufacturing,SIC 2007
26800,Manufacture of magnetic and optical media,C,Manufacturing,SIC 2007
27110,"Manufacture of electric motors, generators and transformers",C,Manufacturing,SIC 2007
27120,Manufacture of electricity distribution and control apparatus,C,Manufacturing,SIC 2007
27200,Manufacture of batteries and accumulators,C,Manufacturing,SIC 2007
27310,Manufacture of fibre optic cables,C,Manufacturing,SIC 2007
27320,Manufacture of other electronic and electric wires and cables,C,Manufacturing,SIC 2007
27330,Manufacture of wiring devices,C,Manufacturing,SIC 2007
27400,Manufacture of electric lighting equipment,C,Manufacturing,SIC 2007
27510,Manufacture of electric domestic appliances,C,Manufacturing,SIC 2007
27520,Manufacture of non-electric domestic appliances,C,Manufacturing,SIC 2007
27900,Manufacture of other electrical equipment,C,Manufacturing,SIC 2007
28110,"Manufacture of engines and turbines, except aircraft, vehicle and cycle engines",C,Manufacturing,SIC 2007
28120,Manufacture of fluid power equipment,C,Manufacturing,SIC 2007
28131,Manufacture of pumps,C,Manufacturing,SIC 2007
28132,Manufacture of compressors,C,Manufacturing,SIC 2007
28140,Manufacture of taps and valves,C,Manufacturing,SIC 2007
28150,"Manufacture of bearings, gears, gearing and driving elements",C,Manufacturing,SIC 2007
28210,"Manufacture of ovens, furnaces and furnace burners",C,Manufacturing,SIC 2007
28220,Manufacture of lifting and handling equipment,C,Manufacturing,SIC 2007
28230,Manufacture of office machinery and equipment (except computers and peripheral equipment),C,Manufacturing,SIC 2007
28240,Manufacture of power-driven hand tools,C,Manufacturing,SIC 2007
28250,Manufacture of non-domestic cooling and ventilation equipment,C,Manufacturing,SIC 2007
28290,Manufacture of other general-purpose machinery n.e.c.,C,Manufacturing,SIC 2007
28301,Manufacture of agricultural tractors,C,Manufacturing,SIC 2007
28302,Manufacture of agricultural and forestry machinery other than tractors,C,Manufacturing,SIC 2007
28410,Manufacture of metal forming machinery,C,Manufacturing,SIC 2007
28490,Manufacture of other machine tools,C,Manufacturing,SIC 2007
28910,Manufacture of machinery for metallurgy,C,Manufacturing,SIC 2007
28921,Manufacture of machinery for mining,C,Manufacturing,SIC 2007
28922,Manufacture of earthmoving equipment,C,Manufacturing,SIC 2007
28923,Manufacture of equipment for concrete crushing and screening and roadworks,C,Manufacturing,SIC 2007
28930,"Manufacture of machinery for food, beverage and tobacco processing",C,Manufacturing,SIC 2007
28940,"Manufacture of machinery for textile, apparel and leather production",C,Manufacturing,SIC 2007
28950,Manufacture of machinery for paper and paperboard production,C,Manufacturing,SIC 2007
28960,Manufacture of plastics and rubber machinery,C,Manufacturing,SIC 2007
28990,Manufacture of other special-purpose machinery n.e.c.,C,Manufacturing,SIC 2007
29100,Manufacture of motor vehicles,C,Manufacturing,SIC 2007
29201,Manufacture of bodies (coachwork) for motor vehicles (except caravans),C,Manufacturing,SIC 2007
29202,Manufacture of trailers and semi-trailers,C,Manufacturing,SIC 2007
29203,Manufacture of caravans,C,Manufacturing,SIC 2007
29310,Manufacture of electrical and electronic equipment for motor vehicles and their engines,C,Manufacturing,SIC 2007
29320,Manufacture of other parts and accessories for motor vehicles,C,Manufacturing,SIC 2007
30110,Building of ships and floating structures,C,Manufacturing,SIC 2007
30120,Building of pleasure and sporting boats,C,Manufacturing,SIC 2007
30200,Manufacture of railway locomotives and rolling stock,C,Manufacturing,SIC 2007
30300,Manufacture of air and spacecraft and related machinery,C,Manufacturing,SIC 2007
30400,Manufacture of military fighting vehicles,C,Manufacturing,SIC 2007
30910,Manufacture of motorcycles,C,Manufacturing,SIC 2007
30920,Manufacture of bicycles and invalid carriages,C,Manufacturing,SIC 2007
30990,Manufacture of other transport equipment n.e.c.,C,Manufacturing,SIC 2007
31010,Manufacture of office and shop furniture,C,Manufacturing,SIC 2007
31020,Manufacture of kitchen furniture,C,Manufacturing,SIC 2007
31030,Manufacture of mattresses,C,Manufacturing,SIC 2007
31090,Manufacture of other furniture,C,Manufacturing,SIC 2007
32110,Striking of coins,C,Manufacturing,SIC 2007
32120,Manufacture of jewellery and related articles,C,Manufacturing,SIC 2007
32130,Manufacture of imitation jewellery and related articles,C,Manufacturing,SIC 2007
32200,Manufacture of musical instruments,C,Manufacturing,SIC 2007
32300,Manufacture of sports goods,C,Manufacturing,SIC 2007
32401,Manufacture of professional and arcade games and toys,C,Manufacturing,SIC 2007
32409,"Manufacture of other games and toys, n.e.c.",C,Manufacturing,SIC 2007
32500,Manufacture of medical and dental instruments and supplies,C,Manufacturing,SIC 2007
32910,Manufacture of brooms and brushes,C,Manufacturing,SIC 2007
32990,Other manufacturing n.e.c.,C,Manufacturing,SIC 2007
33110,Repair of fabricated metal products,C,Manufacturing,SIC 2007
33120,Repair of machinery,C,Manufacturing,SIC 2007
33130,Repair of electronic and optical equipment,C,Manufacturing,SIC 2007
33140,Repair of electrical equipment,C,Manufacturing,SIC 2007
33150,Repair and maintenance of ships and boats,C,Manufacturing,SIC 2007
33160,Repair and maintenance of aircraft and spacecraft,C,Manufacturing,SIC 2007
33170,Repair and maintenance of other transport equipment n.e.c.,C,Manufacturing,SIC 2007
33190,Repair of other equipment,C,Manufacturing,SIC 2007
33200,Installation of industrial machinery and equipment,C,Manufacturing,SIC 2007
35110,Production of electricity,D,"Electricity, gas, steam and air conditioning supply",SIC 2007
35120,Transmission of electricity,D,"Electricity, gas, steam and air conditioning supply",SIC 2007
35130,Distribution of electricity,D,"Electricity, gas, steam and air conditioning supply",SIC 2007
35140,Trade of electricity,D,"Electricity, gas, steam and air conditioning supply",SIC 2007
35210,Manufacture of gas,D,"Electricity, gas, steam and air conditioning supply",SIC 2007
35220,Distribution of gaseous fuels through mains,D,"Electricity, gas, steam and air conditioning supply",SIC 2007
35230,Trade of gas through mains,D,"Electricity, gas, steam and air conditioning supply",SIC 2007
35300,Steam and air conditioning supply remediation activities,D,"Electricity, gas, steam and air conditioning supply",SIC 2007
36000,"Water collection, treatment and supply",E,"Water supply, sewerage, waste management and",SIC 2007
37000,Sewerage,E,"Water supply, sewerage, waste management and",SIC 2007
38110,Collection of non-hazardous waste,E,"Water supply, sewerage, waste management and",SIC 2007
38120,Collection of hazardous waste,E,"Water supply, sewerage, waste management and",SIC 2007
38210,Treatment and disposal of non-hazardous waste,E,"Water supply, sewerage, waste management and",SIC 2007
38220,Treatment and disposal of hazardous waste,E,"Water supply, sewerage, waste management and",SIC 2007
38310,Dismantling of wrecks,E,"Water supply, sewerage, waste management and",SIC 2007
38320,Recovery of sorted materials,E,"Water supply, sewerage, waste management and",SIC 2007
39000,Remediation activities and other waste management services,E,"Water supply, sewerage, waste management and",SIC 2007
41100,Development of building projects,F,Construction,SIC 2007
41201,Construction of commercial buildings,F,Construction,SIC 2007
41202,Construction of domestic buildings,F,Construction,SIC 2007
42110,Construction of roads and motorways,F,Construction,SIC 2007
42120,Construction of railways and underground railways,F,Construction,SIC 2007
42130,Construction of bridges and tunnels,F,Construction,SIC 2007
42210,Construction of utility projects for fluids,F,Construction,SIC 2007
42220,Construction of utility projects for electricity and telecommunications,F,Construction,SIC 2007
42910,Construction of water projects,F,Construction,SIC 2007
42990,Construction of other civil engineering projects n.e.c.,F,Construction,SIC 2007
43110,Demolition,F,Construction,SIC 2007
43120,Site preparation,F,Construction,SIC 2007
43130,Test drilling and boring,F,Construction,SIC 2007
43210,Electrical installation,F,Construction,SIC 2007
43220,"Plumbing, heat and air-conditioning installation",F,Construction,SIC 2007
43290,Other construction installation,F,Construction,SIC 2007
43310,Plastering,F,Construction,SIC 2007
43320,Joinery installation,F,Construction,SIC 2007
43330,Floor and wall covering,F,Construction,SIC 2007
43341,Painting,F,Construction,SIC 2007
43342,Glazing,F,Construction,SIC 2007
43390,Other building completion and finishing,F,Construction,SIC 2007
43910,Roofing activities,F,Construction,SIC 2007
43991,Scaffold erection,F,Construction,SIC 2007
43999,Other specialised construction activities n.e.c. motorcycles,F,Construction,SIC 2007
45111,Sale of new cars and light motor vehicles,G,Wholesale and retail trade; repair of motor vehicles and,SIC 2007
45112,Sale of used cars and light motor vehicles,G,Wholesale and retail trade; repair of motor vehicles and,SIC 2007
45190,Sale of other motor vehicles,G,Wholesale and retail trade; repair of motor vehicles and,SIC 2007
45200,Maintenance and repair of motor vehicles,G,Wholesale and retail trade; repair of motor vehicles and,SIC 2007
45310,Wholesale trade of motor vehicle parts and accessories,G,Wholesale and retail trade; repair of motor vehicles and,SIC 2007
45320,Retail trade of motor vehicle parts and accessories,G,Wholesale and retail trade; repair of motor vehicles and,SIC 2007
45400,"Sale, maintenance and repair of motorcycles and related parts and accessories",G,Wholesale and retail trade; repair of motor vehicles and,SIC 2007
46110,"Agents selling agricultural raw materials, livestock, textile raw materials and semi-finished goods",G,Wholesale and retail trade; repair of motor vehicles and,SIC 2007
46120,"Agents involved in the sale of fuels, ores, metals and industrial chemicals",G,Wholesale and retail trade; repair of motor vehicles and,SIC 2007
46130,Agents involved in the sale of timber and building materials,G,Wholesale and retail trade; repair of motor vehicles and,SIC 2007
46140,"Agents involved in the sale of machinery, industrial equipment, ships and aircraft",G,Wholesale and retail trade; repair of motor vehicles and,SIC 2007
46150,"Agents involved in the sale of furniture, household goods, hardware and ironmongery",G,Wholesale and retail trade; repair of motor vehicles and,SIC 2007
46160,"Agents involved in the sale of textiles, clothing, fur, footwear and leather goods",G,Wholesale and retail trade; repair of motor vehicles and,SIC 2007
46170,"Agents involved in the sale of food, beverages and tobacco",G,Wholesale and retail trade; repair of motor vehicles and,SIC 2007
46180,Agents specialised in the sale of other particular products,G,Wholesale and retail trade; repair of motor vehicles and,SIC 2007
46190,Agents involved in the sale of a variety of goods,G,Wholesale and retail trade; repair of motor vehicles and,SIC 2007
46210,"Wholesale of grain, unmanufactured tobacco, seeds and animal feeds",G,Wholesale and retail trade; repair of motor vehicles and,SIC 2007
46220,Wholesale of flowers and plants,G,Wholesale and retail trade; repair of motor vehicles and,SIC 2007
46230,Wholesale of live animals,G,Wholesale and retail trade; repair of motor vehicles and,SIC 2007
46240,"Wholesale of hides, skins and leather",G,Wholesale and retail trade; repair of motor vehicles and,SIC 2007
46310,Wholesale of fruit and vegetables,G,Wholesale and retail trade; repair of motor vehicles and,SIC 2007
46320,Wholesale of meat and meat products,G,Wholesale and retail trade; repair of motor vehicles and,SIC 2007
46330,"Wholesale of dairy products, eggs and edible oils and fats",G,Wholesale and retail trade; repair of motor vehicles and,SIC 2007
46341,"Wholesale of fruit and vegetable juices, mineral water and soft drinks",G,Wholesale and retail trade; repair of motor vehicles and,SIC 2007
46342,"Wholesale of wine, beer, spirits and other alcoholic beverages",G,Wholesale and retail trade; repair of motor vehicles and,SIC 2007
46350,Wholesale of tobacco products,G,Wholesale and retail trade; repair of motor vehicles and,SIC 2007
46360,Wholesale of sugar and chocolate and sugar confectionery,G,Wholesale and retail trade; repair of motor vehicles and,SIC 2007
46370,"Wholesale of coffee, tea, cocoa and spices",G,Wholesale and retail trade; repair of motor vehicles and,SIC 2007
46380,"Wholesale of other food, including fish, crustaceans and molluscs",G,Wholesale and retail trade; repair of motor vehicles and,SIC 2007
46390,"Non-specialised wholesale of food, beverages and tobacco",G,Wholesale and retail trade; repair of motor vehicles and,SIC 2007
46410,Wholesale of textiles,G,Wholesale and retail trade; repair of motor vehicles and,SIC 2007
46420,Wholesale of clothing and footwear,G,Wholesale and retail trade; repair of motor vehicles and,SIC 2007
46431,"Wholesale of audio tapes, records, CDs and video tapes and the equipment on which these are played",G,Wholesale and retail trade; repair of motor vehicles and,SIC 2007
46439,"Wholesale of radio, television goods & electrical household appliances (other than records, tapes, CD's & video tapes and the equipment used for playing them)",G,Wholesale and retail trade; repair of motor vehicles and,SIC 2007
46440,Wholesale of china and glassware and cleaning materials,G,Wholesale and retail trade; repair of motor vehicles and,SIC 2007
46450,Wholesale of perfume and cosmetics,G,Wholesale and retail trade; repair of motor vehicles and,SIC 2007
46460,Wholesale of pharmaceutical goods,G,Wholesale and retail trade; repair of motor vehicles and,SIC 2007
46470,"Wholesale of furniture, carpets and lighting equipment",G,Wholesale and retail trade; repair of motor vehicles and,SIC 2007
46480,Wholesale of watches and jewellery,G,Wholesale and retail trade; repair of motor vehicles and,SIC 2007
46491,Wholesale of musical instruments,G,Wholesale and retail trade; repair of motor vehicles and,SIC 2007
46499,Wholesale of household goods (other than musical instruments) n.e.c,G,Wholesale and retail trade; repair of motor vehicles and,SIC 2007
46510,"Wholesale of computers, computer peripheral equipment and software",G,Wholesale and retail trade; repair of motor vehicles and,SIC 2007
46520,Wholesale of electronic and telecommunications equipment and parts,G,Wholesale and retail trade; repair of motor vehicles and,SIC 2007
46610,"Wholesale of agricultural machinery, equipment and supplies",G,Wholesale and retail trade; repair of motor vehicles and,SIC 2007
46620,Wholesale of machine tools,G,Wholesale and retail trade; repair of motor vehicles and,SIC 2007
46630,"Wholesale of mining, construction and civil engineering machinery",G,Wholesale and retail trade; repair of motor vehicles and,SIC 2007
46640,Wholesale of machinery for the textile industry and of sewing and knitting machines,G,Wholesale and retail trade; repair of motor vehicles and,SIC 2007
46650,Wholesale of office furniture,G,Wholesale and retail trade; repair of motor vehicles and,SIC 2007
46660,Wholesale of other office machinery and equipment,G,Wholesale and retail trade; repair of motor vehicles and,SIC 2007
46690,Wholesale of other machinery and equipment,G,Wholesale and retail trade; repair of motor vehicles and,SIC 2007
46711,Wholesale of petroleum and petroleum products,G,Wholesale and retail trade; repair of motor vehicles and,SIC 2007
46719,Wholesale of other fuels and related products,G,Wholesale and retail trade; repair of motor vehicles and,SIC 2007
46720,Wholesale of metals and metal ores,G,Wholesale and retail trade; repair of motor vehicles and,SIC 2007
46730,"Wholesale of wood, construction materials and sanitary equipment",G,Wholesale and retail trade; repair of motor vehicles and,SIC 2007
46740,"Wholesale of hardware, plumbing and heating equipment and supplies",G,Wholesale and retail trade; repair of motor vehicles and,SIC 2007
46750,Wholesale of chemical products,G,Wholesale and retail trade; repair of motor vehicles and,SIC 2007
46760,Wholesale of other intermediate products,G,Wholesale and retail trade; repair of motor vehicles and,SIC 2007
46770,Wholesale of waste and scrap,G,Wholesale and retail trade; repair of motor vehicles and,SIC 2007
46900,Non-specialised wholesale trade,G,Wholesale and retail trade; repair of motor vehicles and,SIC 2007
47110,"Retail sale in non-specialised stores with food, beverages or tobacco predominating",G,Wholesale and retail trade; repair of motor vehicles and,SIC 2007
47190,Other retail sale in non-specialised stores,G,Wholesale and retail trade; repair of motor vehicles and,SIC 2007
47210,Retail sale of fruit and vegetables in specialised stores,G,Wholesale and retail trade; repair of motor vehicles and,SIC 2007
47220,Retail sale of meat and meat products in specialised stores,G,Wholesale and retail trade; repair of motor vehicles and,SIC 2007
47230,"Retail sale of fish, crustaceans and molluscs in specialised stores",G,Wholesale and retail trade; repair of motor vehicles and,SIC 2007
47240,"Retail sale of bread, cakes, flour confectionery and sugar confectionery in specialised stores",G,Wholesale and retail trade; repair of motor vehicles and,SIC 2007
47250,Retail sale of beverages in specialised stores,G,Wholesale and retail trade; repair of motor vehicles and,SIC 2007
47260,Retail sale of tobacco products in specialised stores,G,Wholesale and retail trade; repair of motor vehicles and,SIC 2007
47290,Other retail sale of food in specialised stores,G,Wholesale and retail trade; repair of motor vehicles and,SIC 2007
47300,Retail sale of automotive fuel in specialised stores,G,Wholesale and retail trade; repair of motor vehicles and,SIC 2007
47410,"Retail sale of computers, peripheral units and software in specialised stores",G,Wholesale and retail trade; repair of motor vehicles and,SIC 2007
47421,Retail sale of mobile telephones,G,Wholesale and retail trade; repair of motor vehicles and,SIC 2007
47429,Retail sale of telecommunications equipment other than mobile telephones,G,Wholesale and retail trade; repair of motor vehicles and,SIC 2007
47430,Retail sale of audio and video equipment in specialised stores,G,Wholesale and retail trade; repair of motor vehicles and,SIC 2007
47510,Retail sale of textiles in specialised stores,G,Wholesale and retail trade; repair of motor vehicles and,SIC 2007
47520,"Retail sale of hardware, paints and glass in specialised stores",G,Wholesale and retail trade; repair of motor vehicles and,SIC 2007
47530,"Retail sale of carpets, rugs, wall and floor coverings in specialised stores",G,Wholesale and retail trade; repair of motor vehicles and,SIC 2007
47540,Retail sale of electrical household appliances in specialised stores,G,Wholesale and retail trade; repair of motor vehicles and,SIC 2007
47591,Retail sale of musical instruments and scores,G,Wholesale and retail trade; repair of motor vehicles and,SIC 2007
47599,"Retail of furniture, lighting, and similar (not musical instruments or scores) in specialised store",G,Wholesale and retail trade; repair of motor vehicles and,SIC 2007
47610,Retail sale of books in specialised stores,G,Wholesale and retail trade; repair of motor vehicles and,SIC 2007
47620,Retail sale of newspapers and stationery in specialised stores,G,Wholesale and retail trade; repair of motor vehicles and,SIC 2007
47630,Retail sale of music and video recordings in specialised stores,G,Wholesale and retail trade; repair of motor vehicles and,SIC 2007
47640,"Retail sale of sports goods, fishing gear, camping goods, boats and bicycles",G,Wholesale and retail trade; repair of motor vehicles and,SIC 2007
47650,Retail sale of games and toys in specialised stores,G,Wholesale and retail trade; repair of motor vehicles and,SIC 2007
47710,Retail sale of clothing in specialised stores,G,Wholesale and retail trade; repair of motor vehicles and,SIC 2007
47721,Retail sale of footwear in specialised stores,G,Wholesale and retail trade; repair of motor vehicles and,SIC 2007
47722,Retail sale of leather goods in specialised stores,G,Wholesale and retail trade; repair of motor vehicles and,SIC 2007
47730,Dispensing chemist in specialised stores,G,Wholesale and retail trade; repair of motor vehicles and,SIC 2007
47741,Retail sale of hearing aids,G,Wholesale and retail trade; repair of motor vehicles and,SIC 2007
47749,Retail sale of medical and orthopaedic goods in specialised stores (not incl. hearing aids) n.e.c.,G,Wholesale and retail trade; repair of motor vehicles and,SIC 2007
47750,Retail sale of cosmetic and toilet articles in specialised stores,G,Wholesale and retail trade; repair of motor vehicles and,SIC 2007
47760,"Retail sale of flowers, plants, seeds, fertilizers, pet animals and pet food in specialised stores",G,Wholesale and retail trade; repair of motor vehicles and,SIC 2007
47770,Retail sale of watches and jewellery in specialised stores,G,Wholesale and retail trade; repair of motor vehicles and,SIC 2007
47781,Retail sale in commercial art galleries,G,Wholesale and retail trade; repair of motor vehicles and,SIC 2007
47782,Retail sale by opticians,G,Wholesale and retail trade; repair of motor vehicles and,SIC 2007
47789,Other retail sale of new goods in specialised stores (not commercial art galleries and opticians),G,Wholesale and retail trade; repair of motor vehicles and,SIC 2007
47791,Retail sale of antiques including antique books in stores,G,Wholesale and retail trade; repair of motor vehicles and,SIC 2007
47799,Retail sale of other second-hand goods in stores (not incl. antiques),G,Wholesale and retail trade; repair of motor vehicles and,SIC 2007
47810,"Retail sale via stalls and markets of food, beverages and tobacco products",G,Wholesale and retail trade; repair of motor vehicles and,SIC 2007
47820,"Retail sale via stalls and markets of textiles, clothing and footwear",G,Wholesale and retail trade; repair of motor vehicles and,SIC 2007
47890,Retail sale via stalls and markets of other goods,G,Wholesale and retail trade; repair of motor vehicles and,SIC 2007
47910,Retail sale via mail order houses or via Internet,G,Wholesale and retail trade; repair of motor vehicles and,SIC 2007
47990,"Other retail sale not in stores, stalls or markets",G,Wholesale and retail trade; repair of motor vehicles and,SIC 2007
49100,"Passenger rail transport, interurban",H,Transportation and storage,SIC 2007
49200,Freight rail transport,H,Transportation and storage,SIC 2007
49311,"Urban and suburban passenger railway transportation by underground, metro and similar systems",H,Transportation and storage,SIC 2007
49319,"Other urban, suburban or metropolitan passenger land transport (not underground, metro or similar)",H,Transportation and storage,SIC 2007
49320,Taxi operation,H,Transportation and storage,SIC 2007
49390,Other passenger land transport,H,Transportation and storage,SIC 2007
49410,Freight transport by road,H,Transportation and storage,SIC 2007
49420,Removal services,H,Transportation and storage,SIC 2007
49500,Transport via pipeline,H,Transportation and storage,SIC 2007
50100,Sea and coastal passenger water transport,H,Transportation and storage,SIC 2007
50200,Sea and coastal freight water transport,H,Transportation and storage,SIC 2007
50300,Inland passenger water transport,H,Transportation and storage,SIC 2007
50400,Inland freight water transport,H,Transportation and storage,SIC 2007
51101,Scheduled passenger air transport,H,Transportation and storage,SIC 2007
51102,Non-scheduled passenger air transport,H,Transportation and storage,SIC 2007
51210,Freight air transport,H,Transportation and storage,SIC 2007
51220,Space transport,H,Transportation and storage,SIC 2007
52101,Operation of warehousing and storage facilities for water transport activities,H,Transportation and storage,SIC 2007
52102,Operation of warehousing and storage facilities for air transport activities,H,Transportation and storage,SIC 2007
52103,Operation of warehousing and storage facilities for land transport activities,H,Transportation and storage,SIC 2007
52211,Operation of rail freight terminals,H,Transportation and storage,SIC 2007
52212,Operation of rail passenger facilities at railway stations,H,Transportation and storage,SIC 2007
52213,Operation of bus and coach passenger facilities at bus and coach stations,H,Transportation and storage,SIC 2007
52219,"Other service activities incidental to land transportation, n.e.c.",H,Transportation and storage,SIC 2007
52220,Service activities incidental to water transportation,H,Transportation and storage,SIC 2007
52230,Service activities incidental to air transportation,H,Transportation and storage,SIC 2007
52241,Cargo handling for water transport activities,H,Transportation and storage,SIC 2007
52242,Cargo handling for air transport activities,H,Transportation and storage,SIC 2007
52243,Cargo handling for land transport activities,H,Transportation and storage,SIC 2007
52290,Other transportation support activities,H,Transportation and storage,SIC 2007
53100,Postal activities under universal service obligation,H,Transportation and storage,SIC 2007
53201,Licensed carriers,H,Transportation and storage,SIC 2007
53202,Unlicensed carriers,H,Transportation and storage,SIC 2007
55100,Hotels and similar accommodation,I,Accommodation and food service activities,SIC 2007
55201,Holiday centres and villages,I,Accommodation and food service activities,SIC 2007
55202,Youth hostels,I,Accommodation and food service activities,SIC 2007
55209,Other holiday and other collective accommodation,I,Accommodation and food service activities,SIC 2007
55300,"Recreational vehicle parks, trailer parks and camping grounds",I,Accommodation and food service activities,SIC 2007
55900,Other accommodation,I,Accommodation and food service activities,SIC 2007
56101,Licenced restaurants,I,Accommodation and food service activities,SIC 2007
56102,Unlicenced restaurants and cafes,I,Accommodation and food service activities,SIC 2007
56103,Take-away food shops and mobile food stands,I,Accommodation and food service activities,SIC 2007
56210,Event catering activities,I,Accommodation and food service activities,SIC 2007
56290,Other food services,I,Accommodation and food service activities,SIC 2007
56301,Licenced clubs,I,Accommodation and food service activities,SIC 2007
56302,Public houses and bars,I,Accommodation and food service activities,SIC 2007
58110,Book publishing,J,Information and communication,SIC 2007
58120,Publishing of directories and mailing lists,J,Information and communication,SIC 2007
58130,Publishing of newspapers,J,Information and communication,SIC 2007
58141,Publishing of learned journals,J,Information and communication,SIC 2007
58142,Publishing of consumer and business journals and periodicals,J,Information and communication,SIC 2007
58190,Other publishing activities,J,Information and communication,SIC 2007
58210,Publishing of computer games,J,Information and communication,SIC 2007
58290,Other software publishing,J,Information and communication,SIC 2007
59111,Motion picture production activities,J,Information and communication,SIC 2007
59112,Video production activities,J,Information and communication,SIC 2007
59113,Television programme production activities,J,Information and communication,SIC 2007
59120,"Motion picture, video and television programme post- production activities",J,Information and communication,SIC 2007
59131,Motion picture distribution activities,J,Information and communication,SIC 2007
59132,Video distribution activities,J,Information and communication,SIC 2007
59133,Television programme distribution activities,J,Information and communication,SIC 2007
59140,Motion picture projection activities,J,Information and communication,SIC 2007
59200,Sound recording and music publishing activities,J,Information and communication,SIC 2007
60100,Radio broadcasting,J,Information and communication,SIC 2007
60200,Television programming and broadcasting activities,J,Information and communication,SIC 2007
61100,Wired telecommunications activities,J,Information and communication,SIC 2007
61200,Wireless telecommunications activities,J,Information and communication,SIC 2007
61300,Satellite telecommunications activities,J,Information and communication,SIC 2007
61900,Other telecommunications activities,J,Information and communication,SIC 2007
62011,Ready-made interactive leisure and entertainment software development,J,Information and communication,SIC 2007
62012,Business and domestic software development,J,Information and communication,SIC 2007
62020,Information technology consultancy activities,J,Information and communication,SIC 2007
62030,Computer facilities management activities,J,Information and communication,SIC 2007
62090,Other information technology service activities,J,Information and communication,SIC 2007
63110,"Data processing, hosting and related activities",J,Information and communication,SIC 2007
63120,Web portals,J,Information and communication,SIC 2007
63910,News agency activities,J,Information and communication,SIC 2007
63990,Other information service activities n.e.c.,J,Information and communication,SIC 2007
64110,Central banking,K,Financial and insurance activities,SIC 2007
64191,Banks,K,Financial and insurance activities,SIC 2007
64192,Building societies,K,Financial and insurance activities,SIC 2007
64201,Activities of agricultural holding companies,K,Financial and insurance activities,SIC 2007
64202,Activities of production holding companies,K,Financial and insurance activities,SIC 2007
64203,Activities of construction holding companies,K,Financial and insurance activities,SIC 2007
64204,Activities of distribution holding companies,K,Financial and insurance activities,SIC 2007
64205,Activities of financial services holding companies,K,Financial and insurance activities,SIC 2007
64209,Activities of other holding companies n.e.c.,K,Financial and insurance activities,SIC 2007
64301,Activities of investment trusts,K,Financial and insurance activities,SIC 2007
64302,Activities of unit trusts,K,Financial and insurance activities,SIC 2007
64303,Activities of venture and development capital companies,K,Financial and insurance activities,SIC 2007
64304,Activities of open-ended investment companies,K,Financial and insurance activities,SIC 2007
64305,Activities of property unit trusts,K,Financial and insurance activities,SIC 2007
64306,Activities of real estate investment trusts,K,Financial and insurance activities,SIC 2007
64910,Financial leasing,K,Financial and insurance activities,SIC 2007
64921,Credit granting by non-deposit taking finance houses and other specialist consumer credit grantors,K,Financial and insurance activities,SIC 2007
64922,Activities of mortgage finance companies,K,Financial and insurance activities,SIC 2007
64929,Other credit granting n.e.c.,K,Financial and insurance activities,SIC 2007
64991,Security dealing on own account,K,Financial and insurance activities,SIC 2007
64992,Factoring,K,Financial and insurance activities,SIC 2007
64999,Financial intermediation not elsewhere classified,K,Financial and insurance activities,SIC 2007
65110,Life insurance,K,Financial and insurance activities,SIC 2007
65120,Non-life insurance,K,Financial and insurance activities,SIC 2007
65201,Life reinsurance,K,Financial and insurance activities,SIC 2007
65202,Non-life reinsurance,K,Financial and insurance activities,SIC 2007
65300,Pension funding,K,Financial and insurance activities,SIC 2007
66110,Administration of financial markets,K,Financial and insurance activities,SIC 2007
66120,Security and commodity contracts dealing activities,K,Financial and insurance activities,SIC 2007
66190,Activities auxiliary to financial intermediation n.e.c.,K,Financial and insurance activities,SIC 2007
66210,Risk and damage evaluation,K,Financial and insurance activities,SIC 2007
66220,Activities of insurance agents and brokers,K,Financial and insurance activities,SIC 2007
66290,Other activities auxiliary to insurance and pension funding,K,Financial and insurance activities,SIC 2007
66300,Fund management activities,K,Financial and insurance activities,SIC 2007
68100,Buying and selling of own real estate,L,Real estate activities,SIC 2007
68201,Renting and operating of Housing Association real estate,L,Real estate activities,SIC 2007
68202,Letting and operating of conference and exhibition centres,L,Real estate activities,SIC 2007
68209,Other letting and operating of own or leased real estate,L,Real estate activities,SIC 2007
68310,Real estate agencies,L,Real estate activities,SIC 2007
68320,Management of real estate on a fee or contract basis,L,Real estate activities,SIC 2007
69101,Barristers at law,M,"Professional, scientific and technical activities",SIC 2007
69102,Solicitors,M,"Professional, scientific and technical activities",SIC 2007
69109,Activities of patent and copyright agents; other legal activities n.e.c.,M,"Professional, scientific and technical activities",SIC 2007
69201,Accounting and auditing activities,M,"Professional, scientific and technical activities",SIC 2007
69202,Bookkeeping activities,M,"Professional, scientific and technical activities",SIC 2007
69203,Tax consultancy,M,"Professional, scientific and technical activities",SIC 2007
70100,Activities of head offices,M,"Professional, scientific and technical activities",SIC 2007
70210,Public relations and communications activities,M,"Professional, scientific and technical activities",SIC 2007
70221,Financial management,M,"Professional, scientific and technical activities",SIC 2007
70229,Management consultancy activities other than financial management,M,"Professional, scientific and technical activities",SIC 2007
71111,Architectural activities,M,"Professional, scientific and technical activities",SIC 2007
71112,Urban planning and landscape architectural activities,M,"Professional, scientific and technical activities",SIC 2007
71121,Engineering design activities for industrial process and production,M,"Professional, scientific and technical activities",SIC 2007
71122,Engineering related scientific and technical consulting activities,M,"Professional, scientific and technical activities",SIC 2007
71129,Other engineering activities,M,"Professional, scientific and technical activities",SIC 2007
71200,Technical testing and analysis,M,"Professional, scientific and technical activities",SIC 2007
72110,Research and experimental development on biotechnology,M,"Professional, scientific and technical activities",SIC 2007
72190,Other research and experimental development on natural sciences and engineering,M,"Professional, scientific and technical activities",SIC 2007
72200,Research and experimental development on social sciences and humanities,M,"Professional, scientific and technical activities",SIC 2007
73110,Advertising agencies,M,"Professional, scientific and technical activities",SIC 2007
73120,Media representation services,M,"Professional, scientific and technical activities",SIC 2007
73200,Market research and public opinion polling,M,"Professional, scientific and technical activities",SIC 2007
74100,specialised design activities,M,"Professional, scientific and technical activities",SIC 2007
74201,Portrait photographic activities,M,"Professional, scientific and technical activities",SIC 2007
74202,Other specialist photography,M,"Professional, scientific and technical activities",SIC 2007
74203,Film processing,M,"Professional, scientific and technical activities",SIC 2007
74209,Photographic activities not elsewhere classified,M,"Professional, scientific and technical activities",SIC 2007
74300,Translation and interpretation activities,M,"Professional, scientific and technical activities",SIC 2007
74901,Environmental consulting activities,M,"Professional, scientific and technical activities",SIC 2007
74902,Quantity surveying activities,M,"Professional, scientific and technical activities",SIC 2007
74909,"Other professional, scientific and technical activities n.e.c.",M,"Professional, scientific and technical activities",SIC 2007
74990,Non-trading company non trading,M,"Professional, scientific and technical activities",SIC 2007
75000,Veterinary activities,M,"Professional, scientific and technical activities",SIC 2007
77110,Renting and leasing of cars and light motor vehicles,N,Administrative and support service activities,SIC 2007
77120,Renting and leasing of trucks and other heavy vehicles,N,Administrative and support service activities,SIC 2007
77210,Renting and leasing of recreational and sports goods,N,Administrative and support service activities,SIC 2007
77220,Renting of video tapes and disks,N,Administrative and support service activities,SIC 2007
77291,Renting and leasing of media entertainment equipment,N,Administrative and support service activities,SIC 2007
77299,Renting and leasing of other personal and household goods,N,Administrative and support service activities,SIC 2007
77310,Renting and leasing of agricultural machinery and equipment,N,Administrative and support service activities,SIC 2007
77320,Renting and leasing of construction and civil engineering machinery and equipment,N,Administrative and support service activities,SIC 2007
77330,Renting and leasing of office machinery and equipment (including computers),N,Administrative and support service activities,SIC 2007
77341,Renting and leasing of passenger water transport equipment,N,Administrative and support service activities,SIC 2007
77342,Renting and leasing of freight water transport equipment,N,Administrative and support service activities,SIC 2007
77351,Renting and leasing of air passenger transport equipment,N,Administrative and support service activities,SIC 2007
77352,Renting and leasing of freight air transport equipment,N,Administrative and support service activities,SIC 2007
77390,"Renting and leasing of other machinery, equipment and tangible goods n.e.c.",N,Administrative and support service activities,SIC 2007
77400,"Leasing of intellectual property and similar products, except copyright works",N,Administrative and support service activities,SIC 2007
78101,"Motion picture, television and other theatrical casting activities",N,Administrative and support service activities,SIC 2007
78109,Other activities of employment placement agencies,N,Administrative and support service activities,SIC 2007
78200,Temporary employment agency activities,N,Administrative and support service activities,SIC 2007
78300,Human resources provision and management of human resources functions,N,Administrative and support service activities,SIC 2007
79110,Travel agency activities,N,Administrative and support service activities,SIC 2007
79120,Tour operator activities,N,Administrative and support service activities,SIC 2007
79901,Activities of tourist guides,N,Administrative and support service activities,SIC 2007
79909,Other reservation service activities n.e.c.,N,Administrative and support service activities,SIC 2007
80100,Private security activities,N,Administrative and support service activities,SIC 2007
80200,Security systems service activities,N,Administrative and support service activities,SIC 2007
80300,Investigation activities,N,Administrative and support service activities,SIC 2007
81100,Combined facilities support activities,N,Administrative and support service activities,SIC 2007
81210,General cleaning of buildings,N,Administrative and support service activities,SIC 2007
81221,Window cleaning services,N,Administrative and support service activities,SIC 2007
81222,Specialised cleaning services,N,Administrative and support service activities,SIC 2007
81223,Furnace and chimney cleaning services,N,Administrative and support service activities,SIC 2007
81229,Other building and industrial cleaning activities,N,Administrative and support service activities,SIC 2007
81291,Disinfecting and exterminating services,N,Administrative and support service activities,SIC 2007
81299,Other cleaning services,N,Administrative and support service activities,SIC 2007
81300,Landscape service activities,N,Administrative and support service activities,SIC 2007
82110,Combined office administrative service activities,N,Administrative and support service activities,SIC 2007
82190,"Photocopying, document preparation and other specialised office support activities",N,Administrative and support service activities,SIC 2007
82200,Activities of call centres,N,Administrative and support service activities,SIC 2007
82301,Activities of exhibition and fair organisers,N,Administrative and support service activities,SIC 2007
82302,Activities of conference organisers,N,Administrative and support service activities,SIC 2007
82911,Activities of collection agencies,N,Administrative and support service activities,SIC 2007
82912,Activities of credit bureaus,N,Administrative and support service activities,SIC 2007
82920,Packaging activities,N,Administrative and support service activities,SIC 2007
82990,Other business support service activities n.e.c. security,N,Administrative and support service activities,SIC 2007
84110,General public administration activities,O,Public administration and defence; compulsory social,SIC 2007
84120,"Regulation of health care, education, cultural and other social services, not incl. social security",O,Public administration and defence; compulsory social,SIC 2007
84130,Regulation of and contribution to more efficient operation of businesses,O,Public administration and defence; compulsory social,SIC 2007
84210,Foreign affairs,O,Public administration and defence; compulsory social,SIC 2007
84220,Defence activities,O,Public administration and defence; compulsory social,SIC 2007
84230,Justice and judicial activities,O,Public administration and defence; compulsory social,SIC 2007
84240,Public order and safety activities,O,Public administration and defence; compulsory social,SIC 2007
84250,Fire service activities,O,Public administration and defence; compulsory social,SIC 2007
84300,Compulsory social security activities,O,Public administration and defence; compulsory social,SIC 2007
85100,Pre-primary education,P,Education,SIC 2007
85200,Primary education,P,Education,SIC 2007
85310,General secondary education,P,Education,SIC 2007
85320,Technical and vocational secondary education,P,Education,SIC 2007
85410,Post-secondary non-tertiary education,P,Education,SIC 2007
85421,First-degree level higher education,P,Education,SIC 2007
85422,Post-graduate level higher education,P,Education,SIC 2007
85510,Sports and recreation education,P,Education,SIC 2007
85520,Cultural education,P,Education,SIC 2007
85530,Driving school activities,P,Education,SIC 2007
85590,Other education n.e.c.,P,Education,SIC 2007
85600,Educational support services,P,Education,SIC 2007
86101,Hospital activities,Q,Human health and social work activities,SIC 2007
86102,Medical nursing home activities,Q,Human health and social work activities,SIC 2007
86210,General medical practice activities,Q,Human health and social work activities,SIC 2007
86220,Specialists medical practice activities,Q,Human health and social work activities,SIC 2007
86230,Dental practice activities,Q,Human health and social work activities,SIC 2007
86900,Other human health activities,Q,Human health and social work activities,SIC 2007
87100,Residential nursing care facilities,Q,Human health and social work activities,SIC 2007
87200,"Residential care activities for learning difficulties, mental health and substance abuse",Q,Human health and social work activities,SIC 2007
87300,Residential care activities for the elderly and disabled,Q,Human health and social work activities,SIC 2007
87900,Other residential care activities n.e.c.,Q,Human health and social work activities,SIC 2007
88100,Social work activities without accommodation for the elderly and disabled,Q,Human health and social work activities,SIC 2007
88910,Child day-care activities,Q,Human health and social work activities,SIC 2007
88990,Other social work activities without accommodation n.e.c.,Q,Human health and social work activities,SIC 2007
90010,Performing arts,R,"Arts, entertainment and recreation",SIC 2007
90020,Support activities to performing arts,R,"Arts, entertainment and recreation",SIC 2007
90030,Artistic creation,R,"Arts, entertainment and recreation",SIC 2007
90040,Operation of arts facilities,R,"Arts, entertainment and recreation",SIC 2007
91011,Library activities,R,"Arts, entertainment and recreation",SIC 2007
91012,Archives activities,R,"Arts, entertainment and recreation",SIC 2007
91020,Museums activities,R,"Arts, entertainment and recreation",SIC 2007
91030,Operation of historical sites and buildings and similar visitor attractions,R,"Arts, entertainment and recreation",SIC 2007
91040,Botanical and zoological gardens and nature reserves activities,R,"Arts, entertainment and recreation",SIC 2007
92000,Gambling and betting activities,R,"Arts, entertainment and recreation",SIC 2007
93110,Operation of sports facilities,R,"Arts, entertainment and recreation",SIC 2007
93120,Activities of sport clubs,R,"Arts, entertainment and recreation",SIC 2007
93130,Fitness facilities,R,"Arts, entertainment and recreation",SIC 2007
93191,Activities of racehorse owners,R,"Arts, entertainment and recreation",SIC 2007
93199,Other sports activities,R,"Arts, entertainment and recreation",SIC 2007
93210,Activities of amusement parks and theme parks,R,"Arts, entertainment and recreation",SIC 2007
93290,Other amusement and recreation activities n.e.c.,R,"Arts, entertainment and recreation",SIC 2007
94110,Activities of business and employers membership organisations,S,Other service activities,SIC 2007
94120,Activities of professional membership organisations,S,Other service activities,SIC 2007
94200,Activities of trade unions,S,Other service activities,SIC 2007
94910,Activities of religious organisations,S,Other service activities,SIC 2007
94920,Activities of political organisations,S,Other service activities,SIC 2007
94990,Activities of other membership organisations n.e.c.,S,Other service activities,SIC 2007
95110,Repair of computers and peripheral equipment,S,Other service activities,SIC 2007
95120,Repair of communication equipment,S,Other service activities,SIC 2007
95210,Repair of consumer electronics,S,Other service activities,SIC 2007
95220,Repair of household appliances and home and garden equipment,S,Other service activities,SIC 2007
95230,Repair of footwear and leather goods,S,Other service activities,SIC 2007
95240,Repair of furniture and home furnishings,S,Other service activities,SIC 2007
95250,"Repair of watches, clocks and jewellery",S,Other service activities,SIC 2007
95290,Repair of personal and household goods n.e.c.,S,Other service activities,SIC 2007
96010,Washing and (dry-)cleaning of textile and fur products,S,Other service activities,SIC 2007
96020,Hairdressing and other beauty treatment,S,Other service activities,SIC 2007
96030,Funeral and related activities,S,Other service activities,SIC 2007
96040,Physical well-being activities,S,Other service activities,SIC 2007
96090,Other service activities n.e.c. goods- and services-producing activities of households for own use,S,Other service activities,SIC 2007
97000,Activities of households as employers of domestic personnel,T,Activities of households as employers; undifferentiated,SIC 2007
98000,Residents property management,T,Activities of households as employers; undifferentiated,SIC 2007
98100,Undifferentiated goods-producing activities of private households for own use,T,Activities of households as employers; undifferentiated,SIC 2007
98200,Undifferentiated service-producing activities of private households for own use bodies,T,Activities of households as employers; undifferentiated,SIC 2007
99000,Activities of extraterritorial organisations and bodies,U,Activities of extraterritorial organisations and,SIC 2007
99999,Dormant Company,U,Activities of extraterritorial organisations and,SIC 2007
